,id,building,date_sale,type,property#,area,sold,customerid,price$,individual,birth_date,sex,country,state,purpose,deal_satisfaction,mortgage,source,full_name,age_at_purchase,age_at_purchase_rounded,age_interval,price_interval
0,1030,1,2005-11-01,apartment,30,743.09,1,C0028,246172.68,1.0,1986-06-21,1,USA,California,home,5.0,0.0,website,Madalyn Mercer,19.378082191780823,19.0,"(19.0, 25.0]","(243776.371, 285847.138]"
1,1029,1,2005-10-01,apartment,29,756.21,1,C0027,246331.9,1.0,1983-02-24,1,USA,California,home,5.0,0.0,website,Lara Carrillo,22.616438356164384,22.0,"(19.0, 25.0]","(243776.371, 285847.138]"
2,2002,2,2007-07-01,apartment,2,587.28,1,C0112,209280.91,1.0,1985-12-27,0,USA,California,home,1.0,1.0,client,Donavan Flowers,21.523287671232875,21.0,"(19.0, 25.0]","(201705.604, 243776.371]"
3,2031,2,2007-12-01,apartment,31,1604.75,1,C0160,452667.01,1.0,1985-12-27,0,USA,California,investment,3.0,1.0,website,Darien Dorsey,21.942465753424656,21.0,"(19.0, 25.0]","(412059.439, 454130.206]"
4,1049,1,2004-11-01,apartment,49,1375.45,1,C0014,467083.31,1.0,1979-05-15,1,USA,California,home,4.0,0.0,agency,Alessandra Perry,25.484931506849314,25.0,"(25.0, 31.0]","(454130.206, 496200.973]"
5,3011,3,2007-09-01,apartment,11,675.19,1,C0125,203491.85,1.0,1981-12-26,1,USA,Virginia,investment,5.0,0.0,client,Kaitlin Owen,25.698630136986303,25.0,"(25.0, 31.0]","(201705.604, 243776.371]"
6,3026,3,2007-09-01,apartment,26,670.89,1,C0125,212520.83,1.0,1981-12-26,1,USA,Virginia,investment,5.0,0.0,client,Kaitlin Owen,25.698630136986303,25.0,"(25.0, 31.0]","(201705.604, 243776.371]"
7,3023,3,2008-01-01,apartment,23,720.81,1,C0166,198591.85,1.0,1982-05-27,0,USA,California,home,5.0,0.0,client,Terry Forbes,25.616438356164384,25.0,"(25.0, 31.0]","(159634.837, 201705.604]"
8,1031,1,2006-06-01,apartment,31,782.25,1,C0034,265467.68,1.0,1979-06-27,0,USA,Arizona,home,2.0,1.0,website,Kole Shannon,26.947945205479453,26.0,"(25.0, 31.0]","(243776.371, 285847.138]"
9,4023,4,2006-03-01,apartment,23,794.52,1,C0170,235633.26,1.0,1979-12-03,1,USA,Virginia,investment,3.0,1.0,agency,Emmy Singh,26.26027397260274,26.0,"(25.0, 31.0]","(201705.604, 243776.371]"
10,1036,1,2004-10-01,apartment,36,1160.36,1,C0009,317473.86,1.0,1976-08-17,1,USA,Oregon,home,1.0,0.0,agency,Arabella Ferrell,28.14246575342466,28.0,"(25.0, 31.0]","(285847.138, 327917.905]"
11,1046,1,2006-08-01,apartment,46,1942.5,1,C0041,503790.23,1.0,1980-09-14,0,USA,California,home,5.0,0.0,website,Christian Costa,25.895890410958906,25.0,"(25.0, 31.0]","(496200.973, 538271.74]"
12,4035,4,2007-10-01,apartment,35,794.52,1,C0057,217786.38,1.0,1978-06-04,1,USA,Nevada,home,3.0,1.0,website,Michelle Cameron,29.345205479452055,29.0,"(25.0, 31.0]","(201705.604, 243776.371]"
13,2036,2,2006-11-01,apartment,36,1109.25,1,C0061,460001.26,1.0,1977-06-10,0,USA,California,home,2.0,0.0,website,Enrique Cardenas,29.413698630136988,29.0,"(25.0, 31.0]","(454130.206, 496200.973]"
14,2056,2,2007-04-01,apartment,56,1400.95,1,C0089,460001.26,1.0,1978-12-03,1,USA,California,home,5.0,0.0,agency,Amanda Simon,28.345205479452055,28.0,"(25.0, 31.0]","(454130.206, 496200.973]"
15,1047,1,2007-12-01,apartment,47,1479.72,1,C0159,448134.27,1.0,1978-09-14,0,USA,California,home,5.0,0.0,website,Kamden Stewart,29.232876712328768,29.0,"(25.0, 31.0]","(412059.439, 454130.206]"
16,5051,5,2006-03-01,apartment,51,790.54,1,C0171,249591.99,1.0,1977-12-25,0,USA,Nevada,home,4.0,1.0,website,Skylar Buchanan,28.2,28.0,"(25.0, 31.0]","(243776.371, 285847.138]"
17,2007,2,2006-08-01,apartment,7,723.93,1,C0042,196142.19,1.0,1976-12-25,0,USA,Colorado,home,4.0,1.0,agency,Michael Juarez,29.61917808219178,29.0,"(25.0, 31.0]","(159634.837, 201705.604]"
18,3020,3,2007-04-01,apartment,20,781.07,1,C0093,258572.48,1.0,1977-01-08,0,USA,Arizona,home,3.0,0.0,client,Antonio Porter,30.246575342465754,30.0,"(25.0, 31.0]","(243776.371, 285847.138]"
19,3029,3,2007-04-01,apartment,29,1127.76,1,C0093,310831.21,1.0,1977-01-08,0,USA,Arizona,home,3.0,0.0,client,Antonio Porter,30.246575342465754,30.0,"(25.0, 31.0]","(285847.138, 327917.905]"
20,3015,3,2006-10-01,apartment,15,720.7,1,C0051,207281.59,1.0,1975-03-22,0,USA,Nevada,home,5.0,0.0,website,Conner Huff,31.55068493150685,31.0,"(31.0, 36.0]","(201705.604, 243776.371]"
21,2004,2,2006-12-01,apartment,4,649.69,1,C0064,168834.04,1.0,1975-10-05,0,USA,California,investment,5.0,0.0,agency,Joaquin Mullins,31.17808219178082,31.0,"(31.0, 36.0]","(159634.837, 201705.604]"
22,2006,2,2006-12-01,apartment,6,1307.45,1,C0064,396973.83,1.0,1975-10-05,0,USA,California,investment,5.0,0.0,agency,Joaquin Mullins,31.17808219178082,31.0,"(31.0, 36.0]","(369988.672, 412059.439]"
23,5013,5,2007-09-01,apartment,13,618.38,1,C0128,188743.11,1.0,1976-02-26,1,USA,Colorado,home,4.0,1.0,agency,Kyla Walker,31.534246575342465,31.0,"(31.0, 36.0]","(159634.837, 201705.604]"
24,1026,1,2005-03-01,apartment,26,625.8,1,C0019,179674.08,1.0,1973-09-01,0,USA,California,home,4.0,0.0,website,Victor Jensen,31.517808219178082,31.0,"(31.0, 36.0]","(159634.837, 201705.604]"
25,2054,2,2006-06-01,apartment,54,1203.29,1,C0037,306363.64,1.0,1974-03-27,0,USA,California,home,5.0,1.0,client,Tyler Carr,32.202739726027396,32.0,"(31.0, 36.0]","(285847.138, 327917.905]"
26,3033,3,2007-09-01,apartment,33,670.89,1,C0127,200300.63,1.0,1975-08-12,1,USA,Utah,home,1.0,1.0,website,Maia Chandler,32.07671232876712,32.0,"(31.0, 36.0]","(159634.837, 201705.604]"
27,1025,1,2005-03-01,apartment,25,1434.09,1,C0018,382041.13,1.0,1972-03-26,0,USA,California,home,1.0,0.0,agency,Rodrigo Ramirez,32.95342465753425,32.0,"(31.0, 36.0]","(369988.672, 412059.439]"
28,3027,3,2006-08-01,apartment,27,781.07,1,C0040,245572.79,1.0,1973-09-15,0,USA,California,home,3.0,0.0,website,Gianni Fritz,32.8986301369863,32.0,"(31.0, 36.0]","(243776.371, 285847.138]"
29,3031,3,2007-03-01,apartment,31,1596.35,1,C0080,407214.29,1.0,1974-12-25,1,USA,California,investment,4.0,0.0,client,Janelle Espinoza,32.202739726027396,32.0,"(31.0, 36.0]","(369988.672, 412059.439]"
30,2043,2,2007-04-01,apartment,43,1110.32,1,C0083,355073.4,1.0,1974-07-18,0,USA,Nevada,home,2.0,1.0,website,Julio Leonard,32.726027397260275,32.0,"(31.0, 36.0]","(327917.905, 369988.672]"
31,3034,3,2007-04-01,apartment,34,781.07,1,C0085,256821.64,1.0,1974-12-25,1,USA,California,investment,3.0,0.0,client,Melanie Holland,32.28767123287671,32.0,"(31.0, 36.0]","(243776.371, 285847.138]"
32,3016,3,2007-04-01,apartment,16,697.89,1,C0091,226342.8,1.0,1974-02-10,0,UK,,investment,4.0,0.0,agency,Gordon Brown,33.15890410958904,33.0,"(31.0, 36.0]","(201705.604, 243776.371]"
33,1018,1,2004-10-01,apartment,18,625.8,1,C0007,191389.87,1.0,1970-05-05,1,USA,California,home,3.0,0.0,website,Jaelyn Berger,34.43287671232877,34.0,"(31.0, 36.0]","(159634.837, 201705.604]"
34,2050,2,2006-09-01,apartment,50,957.53,1,C0048,297008.97,1.0,1972-07-11,1,USA,California,investment,2.0,0.0,agency,Adriana Shaffer,34.16438356164384,34.0,"(31.0, 36.0]","(285847.138, 327917.905]"
35,2044,2,2007-01-01,apartment,44,722.96,1,C0065,250773.15,1.0,1973-06-07,1,USA,California,home,5.0,1.0,agency,Mara Franco,33.59178082191781,33.0,"(31.0, 36.0]","(243776.371, 285847.138]"
36,3039,3,2007-05-01,apartment,39,923.21,1,C0096,312211.14,1.0,1973-12-15,0,USA,Colorado,home,3.0,0.0,website,Kael Hurley,33.397260273972606,33.0,"(31.0, 36.0]","(285847.138, 327917.905]"
37,3053,3,2007-12-01,apartment,53,670.24,1,C0164,190119.5,1.0,1973-08-18,1,USA,California,home,1.0,1.0,agency,Belinda Hogan,34.30958904109589,34.0,"(31.0, 36.0]","(159634.837, 201705.604]"
38,2041,2,2006-07-01,apartment,41,785.48,1,C0038,225050.52,1.0,1971-12-02,0,USA,California,home,1.0,0.0,website,Mohammad Irwin,34.602739726027394,34.0,"(31.0, 36.0]","(201705.604, 243776.371]"
39,5035,5,2008-05-01,apartment,35,798.28,1,C0087,261742.74,1.0,1973-07-17,0,USA,Arizona,investment,5.0,0.0,website,Warren Pugh,34.81369863013698,34.0,"(31.0, 36.0]","(243776.371, 285847.138]"
40,4005,4,2007-11-01,apartment,5,1121.95,1,C0142,344530.89,1.0,1972-05-07,1,USA,California,home,5.0,0.0,website,Kassidy Vega,35.50958904109589,35.0,"(31.0, 36.0]","(327917.905, 369988.672]"
41,1032,1,2005-01-01,apartment,32,782.25,1,C0015,215410.28,1.0,1969-10-30,1,Belgium,,home,2.0,0.0,agency,Lauryn Patrick,35.1972602739726,35.0,"(31.0, 36.0]","(201705.604, 243776.371]"
42,3046,3,2007-08-01,apartment,46,923.21,1,C0122,252185.99,1.0,1971-05-29,0,USA,Kansas,home,3.0,0.0,website,Brock Fischer,36.2,36.0,"(31.0, 36.0]","(243776.371, 285847.138]"
43,1041,1,2005-03-01,apartment,41,1434.09,1,C0017,480545.81,1.0,1968-08-25,0,USA,California,home,2.0,1.0,website,Memphis Mcconnell,36.53972602739726,36.0,"(36.0, 42.0]","(454130.206, 496200.973]"
44,1012,1,2005-03-01,apartment,12,1160.36,1,C0020,300385.62,1.0,1968-09-08,0,USA,California,home,5.0,1.0,website,Grant Weber,36.5013698630137,36.0,"(36.0, 42.0]","(285847.138, 327917.905]"
45,5033,5,2008-05-01,apartment,33,798.28,1,C0086,240539.35,1.0,1971-08-20,1,USA,California,home,1.0,0.0,website,Jace Riggs,36.723287671232875,36.0,"(36.0, 42.0]","(201705.604, 243776.371]"
46,4006,4,2006-07-01,apartment,6,733.19,1,C0150,222138.72,1.0,1969-06-05,0,USA,California,home,3.0,0.0,website,Emmett Estes,37.0958904109589,37.0,"(36.0, 42.0]","(201705.604, 243776.371]"
47,5040,5,2007-12-01,apartment,40,798.28,1,C0156,228410.05,1.0,1970-04-01,0,USA,California,investment,4.0,0.0,website,Isis Rios,37.69315068493151,37.0,"(36.0, 42.0]","(201705.604, 243776.371]"
48,4013,4,2007-01-01,apartment,13,733.19,1,C0169,197053.51,1.0,1970-07-31,0,USA,Colorado,home,2.0,0.0,agency,Mason Gilbert,36.446575342465756,36.0,"(31.0, 36.0]","(159634.837, 201705.604]"
49,1003,1,2005-06-01,office,3,717.05,1,C0022,193660.62,1.0,1967-04-13,0,USA,Arizona,home,1.0,1.0,website,Zain Horne,38.16164383561644,38.0,"(36.0, 42.0]","(159634.837, 201705.604]"
50,2009,2,2007-03-01,apartment,9,747.5,1,C0072,237060.15,1.0,1969-04-19,0,USA,Colorado,investment,4.0,1.0,agency,Dayton Hatfield,37.89041095890411,37.0,"(36.0, 42.0]","(201705.604, 243776.371]"
51,4024,4,2007-11-01,apartment,24,1121.95,1,C0136,372001.7,1.0,1969-10-14,1,USA,California,home,5.0,1.0,website,Annabel Robles,38.07397260273972,38.0,"(36.0, 42.0]","(369988.672, 412059.439]"
52,4012,4,2007-11-01,apartment,12,1121.95,1,C0149,290031.26,1.0,1969-10-17,1,USA,California,home,5.0,0.0,website,Kayden Olsen,38.06575342465754,38.0,"(36.0, 42.0]","(285847.138, 327917.905]"
53,1035,1,2004-10-01,apartment,35,827.87,1,C0011,238811.06,1.0,1965-07-20,0,USA,Nevada,home,1.0,1.0,agency,Davion Stout,39.227397260273975,39.0,"(36.0, 42.0]","(201705.604, 243776.371]"
54,2017,2,2007-03-01,apartment,17,747.5,1,C0073,199054.2,1.0,1968-10-12,0,USA,Colorado,investment,2.0,0.0,agency,Kevin Mata,38.40821917808219,38.0,"(36.0, 42.0]","(159634.837, 201705.604]"
55,4051,4,2007-03-01,apartment,51,1608.84,1,C0110,496266.41,1.0,1968-05-11,1,USA,California,home,4.0,1.0,website,Kareem Liu,38.83013698630137,38.0,"(36.0, 42.0]","(496200.973, 538271.74]"
56,3014,3,2007-07-01,apartment,14,1132.06,1,C0111,346906.89,1.0,1968-12-20,1,USA,California,home,3.0,1.0,website,Grace Stein,38.553424657534244,38.0,"(36.0, 42.0]","(327917.905, 369988.672]"
57,2051,2,2007-09-01,apartment,51,1383.84,1,C0123,376964.62,1.0,1968-08-14,1,USA,California,home,3.0,1.0,website,Lydia Tate,39.07397260273972,39.0,"(36.0, 42.0]","(369988.672, 412059.439]"
58,2025,2,2007-02-01,apartment,25,927.83,1,C0070,315733.15,1.0,1967-06-13,1,Russia,,home,1.0,0.0,agency,Aleksandra Karenina,39.66575342465753,39.0,"(36.0, 42.0]","(285847.138, 327917.905]"
59,3047,3,2007-03-01,apartment,47,669.16,1,C0075,188273.73,1.0,1967-01-19,1,USA,California,investment,2.0,1.0,agency,Sincere Hansen,40.13972602739726,40.0,"(36.0, 42.0]","(159634.837, 201705.604]"
60,2046,2,2007-03-01,apartment,46,928.16,1,C0076,253831.02,1.0,1967-02-07,0,USA,California,home,2.0,1.0,agency,Luke Lynn,40.087671232876716,40.0,"(36.0, 42.0]","(243776.371, 285847.138]"
61,5016,5,2007-06-01,apartment,16,798.5,1,C0105,278575.87,1.0,1967-02-03,1,USA,Oregon,investment,2.0,0.0,client,Myla Ewing,40.35068493150685,40.0,"(36.0, 42.0]","(243776.371, 285847.138]"
62,4041,4,2007-10-01,apartment,41,1305.62,1,C0135,402081.8,1.0,1967-05-12,0,USA,Utah,home,5.0,0.0,agency,Morgan Glass,40.416438356164385,40.0,"(36.0, 42.0]","(369988.672, 412059.439]"
63,4018,4,2007-11-01,apartment,18,1121.95,1,C0153,310832.59,1.0,1967-10-17,1,USA,California,home,5.0,0.0,website,Camille Sharp,40.06849315068493,40.0,"(36.0, 42.0]","(285847.138, 327917.905]"
64,2005,2,2006-09-01,apartment,5,785.48,1,C0047,257183.48,1.0,1965-01-11,1,Denmark,,investment,1.0,0.0,agency,Alejandra Greer,41.66575342465753,41.0,"(36.0, 42.0]","(243776.371, 285847.138]"
65,2010,2,2006-11-01,apartment,10,927.08,1,C0060,326885.34,1.0,1965-01-24,1,USA,California,home,4.0,1.0,agency,Valentina Simpson,41.797260273972604,41.0,"(36.0, 42.0]","(285847.138, 327917.905]"
66,2022,2,2007-01-01,apartment,22,1109.25,1,C0066,344568.74,1.0,1966-02-26,1,USA,Colorado,home,5.0,1.0,agency,Helen Williamson,40.87397260273973,40.0,"(36.0, 42.0]","(327917.905, 369988.672]"
67,2047,2,2007-02-01,apartment,47,649.8,1,C0068,214631.68,1.0,1966-06-17,0,USA,Oregon,investment,3.0,0.0,agency,Nicolas Navarro,40.654794520547945,40.0,"(36.0, 42.0]","(201705.604, 243776.371]"
68,2012,2,2007-04-01,apartment,12,785.48,1,C0090,237207.68,1.0,1966-05-26,1,USA,California,home,5.0,0.0,website,Case Sanchez,40.87671232876713,40.0,"(36.0, 42.0]","(201705.604, 243776.371]"
69,3038,3,2007-05-01,apartment,38,1596.35,1,C0095,464549.19,1.0,1966-08-11,0,USA,California,home,4.0,0.0,website,Rodrigo Robinson,40.74794520547945,40.0,"(36.0, 42.0]","(454130.206, 496200.973]"
70,4030,4,2007-11-01,apartment,30,1121.95,1,C0151,310577.04,1.0,1966-09-14,0,USA,California,home,4.0,1.0,agency,Iris Larsen,41.15890410958904,41.0,"(36.0, 42.0]","(285847.138, 327917.905]"
71,3017,3,2007-12-01,apartment,17,743.41,1,C0162,205098.21,1.0,1966-09-14,0,Germany,,investment,5.0,0.0,agency,Araceli Nelson,41.24109589041096,41.0,"(36.0, 42.0]","(201705.604, 243776.371]"
72,1045,1,2004-10-01,apartment,45,756.21,1,C0010,248525.12,1.0,1962-11-26,0,USA,California,home,1.0,0.0,website,Trystan Oconnor,41.87671232876713,41.0,"(36.0, 42.0]","(243776.371, 285847.138]"
73,2040,2,2006-10-01,apartment,40,649.8,1,C0054,224463.87,1.0,1964-12-07,0,USA,Oregon,investment,5.0,0.0,agency,Erik Mora,41.843835616438355,41.0,"(36.0, 42.0]","(201705.604, 243776.371]"
74,2042,2,2006-11-01,apartment,42,785.48,1,C0056,220606.28,1.0,1964-11-30,1,USA,California,home,4.0,0.0,website,Emely Watts,41.94794520547945,41.0,"(36.0, 42.0]","(201705.604, 243776.371]"
75,2048,2,2007-03-01,apartment,48,785.48,1,C0081,220865.0,1.0,1965-04-04,0,USA,Nevada,investment,3.0,1.0,website,Jordyn Park,41.93424657534246,41.0,"(36.0, 42.0]","(201705.604, 243776.371]"
76,3049,3,2007-04-01,apartment,49,1283.45,1,C0084,338181.18,1.0,1965-05-12,0,Mexico,,home,3.0,0.0,agency,Diego Mendez,41.915068493150685,41.0,"(36.0, 42.0]","(327917.905, 369988.672]"
77,1017,1,2005-02-01,apartment,17,1434.09,1,C0016,432679.91,1.0,1962-08-10,0,USA,California,home,1.0,1.0,website,Harley Lucero,42.50958904109589,42.0,"(42.0, 48.0]","(412059.439, 454130.206]"
78,1039,1,2006-06-01,apartment,39,782.25,1,C0035,196220.05,1.0,1957-10-29,1,USA,California,home,3.0,1.0,website,Emilie Morrison,48.62191780821918,48.0,"(48.0, 54.0]","(159634.837, 201705.604]"
79,2049,2,2006-11-01,apartment,49,1288.62,1,C0062,323915.81,1.0,1963-07-15,1,USA,California,home,4.0,0.0,agency,Jaylen Turner,43.32876712328767,43.0,"(42.0, 48.0]","(285847.138, 327917.905]"
80,3054,3,2007-05-01,apartment,54,781.07,1,C0099,200719.02,1.0,1964-03-16,0,USA,California,home,3.0,1.0,agency,Frank Meyer,43.153424657534245,43.0,"(42.0, 48.0]","(159634.837, 201705.604]"
81,3055,3,2007-05-01,apartment,55,1222.34,1,C0099,380809.52,1.0,1964-03-16,0,USA,California,home,3.0,1.0,agency,Frank Meyer,43.153424657534245,43.0,"(42.0, 48.0]","(369988.672, 412059.439]"
82,3042,3,2007-07-01,apartment,42,781.07,1,C0114,213942.56,1.0,1964-10-06,0,UK,,investment,4.0,0.0,agency,Jakobe Bailey,42.76164383561644,42.0,"(42.0, 48.0]","(201705.604, 243776.371]"
83,1038,1,2004-08-01,apartment,38,743.09,1,C0006,207581.43,1.0,1956-06-17,1,USA,California,home,2.0,1.0,website,Laci Guerra,48.156164383561645,48.0,"(48.0, 54.0]","(201705.604, 243776.371]"
84,2020,2,2006-10-01,apartment,20,785.48,1,C0053,241671.52,1.0,1962-01-20,1,USA,California,home,5.0,1.0,website,Scarlet Hendricks,44.726027397260275,44.0,"(42.0, 48.0]","(201705.604, 243776.371]"
85,2014,2,2007-02-01,apartment,14,1109.25,1,C0069,336695.25,1.0,1963-11-05,0,USA,California,investment,4.0,0.0,website,Alonso Terrell,43.271232876712325,43.0,"(42.0, 48.0]","(327917.905, 369988.672]"
86,3001,3,2007-08-01,apartment,1,579.75,1,C0069,171262.65,1.0,1963-11-05,0,USA,California,investment,4.0,0.0,website,Alonso Terrell,43.76712328767123,43.0,"(42.0, 48.0]","(159634.837, 201705.604]"
87,3043,3,2007-11-01,apartment,43,1128.4,1,C0069,299159.14,1.0,1963-11-05,0,USA,California,investment,4.0,0.0,website,Alonso Terrell,44.01917808219178,44.0,"(42.0, 48.0]","(285847.138, 327917.905]"
88,2016,2,2007-03-01,apartment,16,701.66,1,C0077,212265.67,1.0,1963-02-01,0,USA,Colorado,home,2.0,0.0,website,Hazel Ayers,44.106849315068494,44.0,"(42.0, 48.0]","(201705.604, 243776.371]"
89,4049,4,2008-01-01,apartment,49,1336.93,1,C0168,388515.14,1.0,1964-09-24,1,USA,California,home,5.0,0.0,client,Brisa Mckee,43.298630136986304,43.0,"(42.0, 48.0]","(369988.672, 412059.439]"
90,4022,4,2007-08-01,apartment,22,794.52,1,C0058,263790.81,1.0,1962-08-25,1,USA,California,home,4.0,1.0,website,Johanna Fisher,44.964383561643835,44.0,"(42.0, 48.0]","(243776.371, 285847.138]"
91,3059,3,2007-06-01,apartment,59,1171.55,1,C0107,367976.46,1.0,1962-09-11,0,USA,California,home,2.0,0.0,agency,Curtis Howard,44.75068493150685,44.0,"(42.0, 48.0]","(327917.905, 369988.672]"
92,4034,4,2007-10-01,apartment,34,794.52,1,C0131,243052.59,1.0,1962-01-21,1,USA,California,home,1.0,1.0,website,Kamila Collier,45.723287671232875,45.0,"(42.0, 48.0]","(201705.604, 243776.371]"
93,5027,5,2007-11-01,apartment,27,798.28,1,C0144,269075.3,1.0,1962-09-23,0,USA,California,investment,5.0,0.0,website,Joseph Reeves,45.136986301369866,45.0,"(42.0, 48.0]","(243776.371, 285847.138]"
94,5028,5,2007-11-01,apartment,28,798.28,1,C0144,223577.32,1.0,1962-09-23,0,USA,California,investment,5.0,0.0,website,Joseph Reeves,45.136986301369866,45.0,"(42.0, 48.0]","(201705.604, 243776.371]"
95,2026,2,2006-09-01,apartment,26,649.8,1,C0048,198075.99,1.0,1972-07-11,1,USA,California,investment,2.0,0.0,agency,Adriana Shaffer,34.16438356164384,34.0,"(31.0, 36.0]","(159634.837, 201705.604]"
96,3022,3,2007-05-01,apartment,22,1137.44,1,C0098,354553.23,1.0,1960-06-16,0,USA,California,home,2.0,0.0,website,Oswaldo Palmer,46.9041095890411,46.0,"(42.0, 48.0]","(327917.905, 369988.672]"
97,2024,2,2005-06-01,apartment,24,1604.75,1,C0130,456919.46,1.0,1958-02-24,0,USA,California,home,1.0,0.0,website,Ezra Lozano,47.298630136986304,47.0,"(42.0, 48.0]","(454130.206, 496200.973]"
98,3003,3,2007-11-01,apartment,3,675.19,1,C0141,233142.8,1.0,1960-10-01,1,USA,California,investment,1.0,1.0,agency,Melany Glover,47.11506849315069,47.0,"(42.0, 48.0]","(201705.604, 243776.371]"
99,2011,2,2007-01-01,apartment,11,649.69,1,C0067,225401.62,1.0,1959-11-13,1,USA,California,home,4.0,0.0,website,Jacqueline Grant,47.16712328767123,47.0,"(42.0, 48.0]","(201705.604, 243776.371]"
100,2028,2,2007-04-01,apartment,28,785.48,1,C0082,195153.16,1.0,1959-01-01,1,USA,Oregon,investment,5.0,0.0,client,Violet Nixon,48.27945205479452,48.0,"(48.0, 54.0]","(159634.837, 201705.604]"
101,3028,3,2007-07-01,apartment,28,781.07,1,C0113,206631.81,1.0,1959-06-11,1,USA,California,home,4.0,0.0,website,Anya Stephenson,48.087671232876716,48.0,"(48.0, 54.0]","(201705.604, 243776.371]"
102,3036,3,2007-10-01,apartment,36,1127.76,1,C0132,358525.59,1.0,1959-04-07,0,USA,California,home,4.0,1.0,agency,Kale Gay,48.51780821917808,48.0,"(48.0, 54.0]","(327917.905, 369988.672]"
103,4010,4,2007-11-01,apartment,10,794.52,1,C0137,223917.34,1.0,1959-11-25,0,USA,California,home,5.0,0.0,website,Russell Gross,47.967123287671235,47.0,"(48.0, 54.0]","(201705.604, 243776.371]"
104,4011,4,2007-11-01,apartment,11,794.52,1,C0137,201518.89,1.0,1959-11-25,0,USA,California,home,5.0,0.0,website,Russell Gross,47.967123287671235,47.0,"(48.0, 54.0]","(159634.837, 201705.604]"
105,3035,3,2007-12-01,apartment,35,781.07,1,C0155,269278.57,1.0,1959-08-06,0,USA,California,home,4.0,1.0,agency,Laurel Benitez,48.35342465753425,48.0,"(48.0, 54.0]","(243776.371, 285847.138]"
106,3037,3,2007-12-01,apartment,37,720.81,1,C0163,204808.16,1.0,1959-11-03,1,USA,California,investment,2.0,1.0,website,Aniyah Ali,48.10958904109589,48.0,"(48.0, 54.0]","(201705.604, 243776.371]"
107,2032,2,2006-08-01,apartment,32,927.83,1,C0039,306878.46,1.0,1957-03-20,0,USA,California,home,3.0,1.0,agency,Derick Li,49.4,49.0,"(48.0, 54.0]","(285847.138, 327917.905]"
108,2018,2,2007-02-01,apartment,18,927.83,1,C0071,275394.25,1.0,1958-12-06,0,USA,California,home,3.0,1.0,website,Cole Taylor,48.18904109589041,48.0,"(48.0, 54.0]","(243776.371, 285847.138]"
109,2035,2,2007-05-01,apartment,35,785.48,1,C0101,192092.24,1.0,1958-04-15,1,USA,California,home,3.0,0.0,client,Ava Phelps,49.07671232876712,49.0,"(48.0, 54.0]","(159634.837, 201705.604]"
110,5025,5,2008-12-01,apartment,25,618.16,1,C0146,165430.28,1.0,1959-06-05,1,USA,California,investment,5.0,1.0,agency,Nyla Blake,49.52602739726027,49.0,"(48.0, 54.0]","(159634.837, 201705.604]"
111,2029,2,2006-09-01,apartment,29,1109.25,1,C0051,310223.29,1.0,1975-03-22,0,USA,Nevada,home,5.0,0.0,website,Conner Huff,31.46849315068493,31.0,"(31.0, 36.0]","(285847.138, 327917.905]"
112,3007,3,2006-10-01,apartment,7,720.7,1,C0052,231552.33,1.0,1956-03-13,0,USA,California,home,5.0,0.0,agency,Tristian Fuller,50.586301369863016,50.0,"(48.0, 54.0]","(201705.604, 243776.371]"
113,3030,3,2006-10-01,apartment,30,720.81,1,C0052,215774.28,1.0,1956-03-13,0,USA,California,home,5.0,0.0,agency,Tristian Fuller,50.586301369863016,50.0,"(48.0, 54.0]","(201705.604, 243776.371]"
114,2003,2,2006-12-01,apartment,3,927.08,1,C0063,289727.99,1.0,1955-12-02,0,Russia,,investment,3.0,0.0,agency,Piotr Aleksandrov,51.032876712328765,51.0,"(48.0, 54.0]","(285847.138, 327917.905]"
115,5039,5,2008-05-01,apartment,39,798.28,1,C0088,195874.94,1.0,1957-03-06,0,USA,California,home,3.0,1.0,website,Yurem Wright,51.18904109589041,51.0,"(48.0, 54.0]","(159634.837, 201705.604]"
116,5030,5,2010-05-01,apartment,30,1057.92,1,C0094,357538.2,1.0,1959-04-20,0,USA,Nevada,home,3.0,1.0,website,Luis Crane,51.06575342465754,51.0,"(48.0, 54.0]","(327917.905, 369988.672]"
117,3041,3,2008-01-01,apartment,41,781.07,1,C0165,239248.75,1.0,1957-09-09,0,USA,California,home,5.0,1.0,client,Anahi Curry,50.345205479452055,50.0,"(48.0, 54.0]","(201705.604, 243776.371]"
118,2057,2,2006-09-01,apartment,57,1396.86,1,C0044,382277.15,1.0,1954-09-29,0,USA,California,home,4.0,0.0,agency,Ramiro Oneill,51.95890410958904,51.0,"(48.0, 54.0]","(369988.672, 412059.439]"
119,4028,4,2007-02-01,apartment,28,794.52,1,C0157,248422.66,1.0,1955-08-07,1,USA,California,investment,4.0,0.0,website,Erika Steward,51.52328767123288,51.0,"(48.0, 54.0]","(243776.371, 285847.138]"
120,3032,3,2007-08-01,apartment,32,923.21,1,C0118,242740.66,1.0,1954-02-27,0,Belgium,,investment,4.0,0.0,website,Dangelo Shea,53.46027397260274,53.0,"(48.0, 54.0]","(201705.604, 243776.371]"
121,3013,3,2007-08-01,apartment,13,781.07,1,C0119,253025.78,1.0,1954-01-07,0,USA,Arizona,home,4.0,0.0,agency,Miguel Walter,53.6,53.0,"(54.0, 59.0]","(243776.371, 285847.138]"
122,1040,1,2006-04-01,apartment,40,782.25,1,C0033,234172.39,1.0,1952-06-19,1,USA,Nevada,home,3.0,0.0,website,Alanna Hess,53.81917808219178,53.0,"(54.0, 59.0]","(201705.604, 243776.371]"
123,4031,4,2007-06-01,apartment,31,733.19,1,C0100,200678.75,1.0,1953-06-09,0,USA,Colorado,home,4.0,0.0,website,Simon Bennett,54.013698630136986,54.0,"(54.0, 59.0]","(159634.837, 201705.604]"
124,4019,4,2007-12-01,apartment,19,733.19,1,C0133,226578.51,1.0,1953-09-15,0,USA,California,home,4.0,0.0,website,Ivan Bright,54.24657534246575,54.0,"(54.0, 59.0]","(201705.604, 243776.371]"
125,4029,4,2007-11-01,apartment,29,794.52,1,C0175,200148.89,1.0,1953-07-30,1,USA,California,home,4.0,1.0,website,Madeline Michael,54.293150684931504,54.0,"(54.0, 59.0]","(159634.837, 201705.604]"
126,1021,1,2004-10-01,apartment,21,756.21,1,C0008,218585.92,1.0,1949-07-14,0,USA,Utah,investment,4.0,0.0,agency,Arthur Bray,55.25479452054795,55.0,"(54.0, 59.0]","(201705.604, 243776.371]"
127,1006,1,2005-08-01,apartment,6,736.63,1,C0023,198841.7,1.0,1950-07-18,0,USA,Nevada,home,2.0,0.0,website,Bennett Chen,55.07671232876712,55.0,"(54.0, 59.0]","(159634.837, 201705.604]"
128,2034,2,2007-07-01,apartment,34,785.48,1,C0108,252927.84,1.0,1952-05-15,0,USA,Colorado,home,2.0,1.0,client,Van Charles,55.16438356164384,55.0,"(54.0, 59.0]","(243776.371, 285847.138]"
129,3021,3,2007-07-01,apartment,21,781.07,1,C0109,225290.22,1.0,1952-06-18,1,USA,California,home,3.0,0.0,website,Rachel Cross,55.07123287671233,55.0,"(54.0, 59.0]","(201705.604, 243776.371]"
130,5021,5,2008-12-01,apartment,21,798.28,1,C0145,234750.59,1.0,1953-02-03,0,USA,Nevada,investment,2.0,0.0,website,Augustus Hinton,55.863013698630134,55.0,"(54.0, 59.0]","(201705.604, 243776.371]"
131,5022,5,2008-12-01,apartment,22,798.28,1,C0145,287466.41,1.0,1953-02-03,0,USA,Nevada,investment,2.0,0.0,website,Augustus Hinton,55.863013698630134,55.0,"(54.0, 59.0]","(285847.138, 327917.905]"
132,1044,1,2004-06-01,apartment,44,827.87,1,C0003,229464.71,1.0,1948-04-23,1,USA,California,home,5.0,0.0,website,Avah Huang,56.14520547945205,56.0,"(54.0, 59.0]","(201705.604, 243776.371]"
133,1043,1,2004-06-01,apartment,43,1160.36,1,C0004,377313.56,1.0,1948-04-23,1,USA,California,home,5.0,0.0,website,Nora Lynch,56.14520547945205,56.0,"(54.0, 59.0]","(369988.672, 412059.439]"
134,1027,1,2005-08-01,apartment,27,827.87,1,C0024,276759.18,1.0,1949-11-14,0,USA,California,home,3.0,0.0,agency,Irvin Ellis,55.75068493150685,55.0,"(54.0, 59.0]","(243776.371, 285847.138]"
135,2023,2,2005-12-01,apartment,23,723.83,1,C0030,219373.41,1.0,1949-01-16,1,USA,California,investment,3.0,0.0,website,Aiyana Christensen,56.912328767123284,56.0,"(54.0, 59.0]","(201705.604, 243776.371]"
136,5046,5,2007-11-01,apartment,46,798.28,1,C0147,230216.22,1.0,1951-11-10,0,USA,California,home,5.0,0.0,website,Parker Poole,56.013698630136986,56.0,"(54.0, 59.0]","(201705.604, 243776.371]"
137,1002,1,2004-03-01,office,2,1238.58,1,C0002,410932.67,1.0,1947-02-13,0,USA,California,investment,5.0,1.0,website,Jack Anderson,57.084931506849315,57.0,"(54.0, 59.0]","(369988.672, 412059.439]"
138,2030,2,2005-12-01,apartment,30,723.83,1,C0031,214341.34,1.0,1948-02-20,0,USA,Utah,home,4.0,0.0,client,Cedric Goodwin,57.81917808219178,57.0,"(54.0, 59.0]","(201705.604, 243776.371]"
139,3050,3,2006-11-01,apartment,50,977.87,1,C0059,248274.31,1.0,1949-06-22,1,Russia,,home,3.0,1.0,agency,Elena Petrova,57.4,57.0,"(54.0, 59.0]","(243776.371, 285847.138]"
140,5050,5,2007-11-01,apartment,50,1093.0,1,C0140,390494.27,1.0,1951-03-02,1,USA,Nevada,home,3.0,0.0,website,Aniya Miller,56.706849315068496,56.0,"(54.0, 59.0]","(369988.672, 412059.439]"
141,2039,2,2006-08-01,apartment,39,927.83,1,C0043,293876.27,1.0,1947-04-27,1,USA,Arizona,home,4.0,1.0,website,Kayley Nielsen,59.3041095890411,59.0,"(59.0, 65.0]","(285847.138, 327917.905]"
142,2008,2,2007-03-01,apartment,8,701.66,1,C0078,204286.67,1.0,1948-02-23,0,USA,Wyoming,home,3.0,0.0,agency,Zaiden Merritt,59.057534246575344,59.0,"(54.0, 59.0]","(201705.604, 243776.371]"
143,3019,3,2007-09-01,apartment,19,680.57,1,C0124,230154.53,1.0,1948-11-09,1,USA,Oregon,investment,5.0,0.0,agency,Sonia Choi,58.84931506849315,58.0,"(54.0, 59.0]","(201705.604, 243776.371]"
144,2015,2,2006-09-01,apartment,15,723.93,1,C0049,228170.03,1.0,1958-12-20,0,USA,California,home,4.0,0.0,agency,Trey Strong,47.73150684931507,47.0,"(42.0, 48.0]","(201705.604, 243776.371]"
145,2033,2,2006-09-01,apartment,33,649.8,1,C0049,205085.4,1.0,1958-12-20,0,USA,California,home,4.0,0.0,agency,Trey Strong,47.73150684931507,47.0,"(42.0, 48.0]","(201705.604, 243776.371]"
146,2019,2,2007-03-01,apartment,19,649.8,1,C0079,177555.06,1.0,1947-05-24,0,Canada,,investment,5.0,0.0,website,Xavier Faulkner,59.81095890410959,59.0,"(59.0, 65.0]","(159634.837, 201705.604]"
147,2021,2,2007-04-01,apartment,21,785.48,1,C0079,217748.48,1.0,1947-05-24,0,Canada,,investment,5.0,0.0,website,Xavier Faulkner,59.895890410958906,59.0,"(59.0, 65.0]","(201705.604, 243776.371]"
148,2027,2,2007-04-01,apartment,27,785.48,1,C0079,247739.44,1.0,1947-05-24,0,Canada,,investment,5.0,0.0,website,Xavier Faulkner,59.895890410958906,59.0,"(59.0, 65.0]","(243776.371, 285847.138]"
149,2052,2,2007-03-01,apartment,52,1615.29,1,C0079,484458.03,1.0,1947-05-24,0,Canada,,investment,5.0,0.0,website,Xavier Faulkner,59.81095890410959,59.0,"(59.0, 65.0]","(454130.206, 496200.973]"
150,3006,3,2007-02-01,apartment,6,1132.06,1,C0079,356506.37,1.0,1947-05-24,0,Canada,,investment,5.0,0.0,website,Xavier Faulkner,59.73424657534247,59.0,"(59.0, 65.0]","(327917.905, 369988.672]"
151,3044,3,2007-03-01,apartment,44,720.38,1,C0079,197869.36,1.0,1947-05-24,0,Canada,,investment,5.0,0.0,website,Xavier Faulkner,59.81095890410959,59.0,"(59.0, 65.0]","(159634.837, 201705.604]"
152,4025,4,2007-12-01,apartment,25,733.19,1,C0079,236608.95,1.0,1947-05-24,0,Canada,,investment,5.0,0.0,website,Xavier Faulkner,60.56438356164384,60.0,"(59.0, 65.0]","(201705.604, 243776.371]"
153,1015,1,2004-11-01,apartment,15,782.25,1,C0013,208930.81,1.0,1943-06-18,0,USA,Virginia,home,5.0,1.0,website,Franklin Mack,61.416438356164385,61.0,"(59.0, 65.0]","(201705.604, 243776.371]"
154,5041,5,2007-11-01,apartment,41,798.28,1,C0139,263123.42,1.0,1946-09-14,0,USA,California,investment,4.0,0.0,agency,Logan Simmons,61.172602739726024,61.0,"(59.0, 65.0]","(243776.371, 285847.138]"
155,5036,5,2007-11-01,apartment,36,1057.92,1,C0154,286433.57,1.0,1943-07-24,1,USA,California,home,4.0,1.0,website,Sidney Cline,64.31780821917808,64.0,"(59.0, 65.0]","(285847.138, 327917.905]"
156,2037,2,2006-09-01,apartment,37,723.83,1,C0045,229581.78,1.0,1941-03-03,1,USA,Colorado,home,3.0,0.0,agency,Matilda Madden,65.54246575342465,65.0,"(65.0, 71.0]","(201705.604, 243776.371]"
157,5034,5,2007-10-01,apartment,34,798.28,1,C0134,252053.03,1.0,1942-07-23,1,USA,Arizona,home,4.0,0.0,website,Yesenia Marquez,65.23561643835616,65.0,"(65.0, 71.0]","(243776.371, 285847.138]"
158,4016,4,2007-11-01,apartment,16,794.52,1,C0138,244820.67,1.0,1942-04-14,0,USA,California,home,3.0,0.0,website,Colin Campos,65.59452054794521,65.0,"(65.0, 71.0]","(243776.371, 285847.138]"
159,4040,4,2007-12-01,apartment,40,794.52,1,C0158,241620.48,1.0,1942-07-19,1,USA,California,home,1.0,1.0,website,Erika Gallagher,65.41369863013699,65.0,"(65.0, 71.0]","(201705.604, 243776.371]"
160,1024,1,2006-06-01,apartment,24,782.25,1,C0036,235762.34,1.0,1940-03-05,0,USA,California,home,5.0,0.0,website,Jair Johns,66.28493150684932,66.0,"(65.0, 71.0]","(201705.604, 243776.371]"
161,2013,2,2007-03-01,apartment,13,785.48,1,C0074,236639.56,1.0,1941-08-19,1,USA,California,home,5.0,0.0,client,Jaylynn Hickman,65.57534246575342,65.0,"(65.0, 71.0]","(201705.604, 243776.371]"
162,3010,3,2007-08-01,apartment,10,923.21,1,C0120,294807.65,1.0,1941-12-01,0,USA,California,investment,4.0,0.0,website,Jack Hanson,65.7095890410959,65.0,"(65.0, 71.0]","(285847.138, 327917.905]"
163,3018,3,2007-08-01,apartment,18,923.21,1,C0120,293828.69,1.0,1941-12-01,0,USA,California,investment,4.0,0.0,website,Jack Hanson,65.7095890410959,65.0,"(65.0, 71.0]","(285847.138, 327917.905]"
164,1033,1,2004-08-01,apartment,33,1434.09,1,C0005,412856.56,1.0,1937-01-20,0,USA,Nevada,home,2.0,1.0,website,Rodolfo Gibson,67.57534246575342,67.0,"(65.0, 71.0]","(412059.439, 454130.206]"
165,1016,1,2006-02-01,apartment,16,782.25,1,C0032,224076.84,1.0,1939-09-03,1,USA,California,investment,5.0,0.0,website,Olivia Oconnell,66.46027397260274,66.0,"(65.0, 71.0]","(201705.604, 243776.371]"
166,3005,3,2006-03-01,apartment,5,781.07,1,C0126,258015.61,1.0,1939-06-30,1,USA,Oregon,investment,3.0,1.0,website,Crystal Wyatt,66.71506849315068,66.0,"(65.0, 71.0]","(243776.371, 285847.138]"
167,5019,5,2007-06-01,apartment,19,618.38,1,C0106,153466.71,1.0,1939-03-05,0,USA,Utah,investment,2.0,0.0,agency,Ruben Melton,68.28767123287672,68.0,"(65.0, 71.0]","(117143.362, 159634.837]"
168,3002,3,2007-08-01,apartment,2,923.21,1,C0115,261871.7,1.0,1938-10-29,0,USA,California,home,5.0,0.0,website,Issac Edwards,68.8027397260274,68.0,"(65.0, 71.0]","(243776.371, 285847.138]"
169,3004,3,2007-08-01,apartment,4,781.07,1,C0115,210038.7,1.0,1938-10-29,0,USA,California,home,5.0,0.0,website,Issac Edwards,68.8027397260274,68.0,"(65.0, 71.0]","(201705.604, 243776.371]"
170,3012,3,2007-10-01,apartment,12,781.07,1,C0129,210824.06,1.0,1938-06-09,0,USA,Oregon,investment,3.0,0.0,website,Jesus Obrien,69.35890410958905,69.0,"(65.0, 71.0]","(201705.604, 243776.371]"
171,3048,3,2007-10-01,apartment,48,781.07,1,C0129,249075.66,1.0,1938-06-09,0,USA,Oregon,investment,3.0,0.0,website,Jesus Obrien,69.35890410958905,69.0,"(65.0, 71.0]","(243776.371, 285847.138]"
172,3008,3,2007-06-01,apartment,8,697.89,1,C0103,219865.76,1.0,1936-08-13,0,USA,Oregon,investment,2.0,0.0,website,Jamal Mueller,70.84657534246575,70.0,"(71.0, 76.0]","(201705.604, 243776.371]"
173,3040,3,2007-06-01,apartment,40,670.89,1,C0103,204292.49,1.0,1936-08-13,0,USA,Oregon,investment,2.0,0.0,website,Jamal Mueller,70.84657534246575,70.0,"(71.0, 76.0]","(201705.604, 243776.371]"
174,1023,1,2005-04-01,apartment,23,782.25,1,C0021,261579.89,1.0,1932-06-13,1,Russia,,investment,3.0,0.0,website,Kaylin Villarreal,72.84931506849315,72.0,"(71.0, 76.0]","(243776.371, 285847.138]"
175,3009,3,2006-05-01,apartment,9,743.41,1,C0148,222867.42,1.0,1933-05-05,1,USA,California,investment,5.0,1.0,agency,Myah Roman,73.03835616438356,73.0,"(71.0, 76.0]","(201705.604, 243776.371]"
176,3052,3,2006-03-01,apartment,52,923.21,1,C0172,291494.36,1.0,1933-06-08,0,USA,California,home,4.0,1.0,agency,Henry Kennedy,72.77808219178083,72.0,"(71.0, 76.0]","(285847.138, 327917.905]"
177,3025,3,2007-06-01,apartment,25,923.21,1,C0104,296483.14,1.0,1931-02-13,1,USA,Arizona,home,3.0,0.0,website,Diana Hunt,76.34794520547945,76.0,"(71.0, 76.0]","(285847.138, 327917.905]"
178,5052,5,,apartment,52,1769.48,0,,532877.38,,,,,,,,,,,,,,"(496200.973, 538271.74]"
179,1005,1,2004-03-01,office,5,410.71,1,C0001,117564.07,0.0,,,USA,California,investment,5.0,0.0,agency,Kamd Co,,,,"(117143.362, 159634.837]"
180,1009,1,2004-11-01,office,9,1200.82,1,C0012,317196.4,0.0,,,USA,Nevada,investment,5.0,0.0,website,Bridger CAL Co,,,,"(285847.138, 327917.905]"
181,1009,1,2004-11-01,office,10,800.96,1,C0012,264142.16,0.0,,,USA,Nevada,investment,5.0,0.0,website,Bridger CAL Co,,,,"(243776.371, 285847.138]"
182,1011,1,2005-09-01,office,11,827.87,1,C0025,222947.21,0.0,,,USA,Nevada,investment,5.0,1.0,website,Abdiel Co,,,,"(201705.604, 243776.371]"
183,1007,1,2005-12-01,apartment,7,775.69,1,C0029,250312.53,0.0,,,USA,California,investment,1.0,1.0,website,Kenyon Co,,,,"(243776.371, 285847.138]"
184,1008,1,2005-12-01,office,8,775.69,1,C0029,246050.4,0.0,,,USA,California,investment,1.0,1.0,website,Kenyon Co,,,,"(243776.371, 285847.138]"
185,2038,2,2006-10-01,apartment,38,1604.75,1,C0055,529317.28,0.0,,,USA,California,investment,5.0,0.0,website,Kylax Co,,,,"(496200.973, 538271.74]"
186,2001,2,2004-03-01,apartment,1,587.28,1,C0121,169158.29,0.0,,,USA,California,home,3.0,1.0,website,Esther Co,,,,"(159634.837, 201705.604]"
187,1013,1,2005-07-01,apartment,13,756.21,1,C0174,206958.71,0.0,,,USA,California,investment,5.0,0.0,website,Marleez Co,,,,"(201705.604, 243776.371]"
188,1014,1,2005-07-01,apartment,14,743.09,1,C0174,206445.42,0.0,,,USA,California,investment,5.0,0.0,website,Marleez Co,,,,"(201705.604, 243776.371]"
189,1019,1,2005-07-01,apartment,19,827.87,1,C0174,239341.58,0.0,,,USA,California,investment,5.0,0.0,website,Marleez Co,,,,"(201705.604, 243776.371]"
190,1020,1,2005-07-01,apartment,20,1160.36,1,C0174,398903.42,0.0,,,USA,California,investment,5.0,0.0,website,Marleez Co,,,,"(369988.672, 412059.439]"
191,1022,1,2005-07-01,apartment,22,743.09,1,C0174,210745.17,0.0,,,USA,California,investment,5.0,0.0,website,Marleez Co,,,,"(201705.604, 243776.371]"
192,1028,1,2005-07-01,apartment,28,1160.36,1,C0174,331154.88,0.0,,,USA,California,investment,5.0,0.0,website,Marleez Co,,,,"(327917.905, 369988.672]"
193,1034,1,2005-07-01,apartment,34,625.8,1,C0174,204434.68,0.0,,,USA,California,investment,5.0,0.0,website,Marleez Co,,,,"(201705.604, 243776.371]"
194,1037,1,2005-07-01,apartment,37,756.21,1,C0174,189194.31,0.0,,,USA,California,investment,5.0,0.0,website,Marleez Co,,,,"(159634.837, 201705.604]"
195,1042,1,2005-07-01,apartment,42,625.8,1,C0174,204027.09,0.0,,,USA,California,investment,5.0,0.0,website,Marleez Co,,,,"(201705.604, 243776.371]"
196,1002,1,,apartment,2,1238.58,0,,400865.92,,,,,,,,,,,,,,"(369988.672, 412059.439]"
197,1003,1,,office,3,713.71,0,,217787.71,,,,,,,,,,,,,,"(201705.604, 243776.371]"
198,1008,1,,apartment,8,763.21,0,,219630.9,,,,,,,,,,,,,,"(201705.604, 243776.371]"
199,1019,1,,apartment,19,798.5,0,,244624.87,,,,,,,,,,,,,,"(243776.371, 285847.138]"
200,1042,1,,apartment,42,618.38,0,,163162.88,,,,,,,,,,,,,,"(159634.837, 201705.604]"
201,1047,1,,apartment,47,1479.72,0,,401302.82,,,,,,,,,,,,,,"(369988.672, 412059.439]"
202,2045,2,,apartment,45,1603.99,0,,538271.74,,,,,,,,,,,,,,"(496200.973, 538271.74]"
203,2052,2,,apartment,52,1615.29,0,,461464.99,,,,,,,,,,,,,,"(454130.206, 496200.973]"
204,2053,2,,apartment,53,784.19,0,,275812.49,,,,,,,,,,,,,,"(243776.371, 285847.138]"
205,3007,3,,apartment,7,720.38,0,,216552.71,,,,,,,,,,,,,,"(201705.604, 243776.371]"
206,3024,3,,apartment,24,1596.35,0,,495570.44,,,,,,,,,,,,,,"(454130.206, 496200.973]"
207,3029,3,,apartment,29,1121.95,0,,388656.81,,,,,,,,,,,,,,"(369988.672, 412059.439]"
208,3031,3,,apartment,31,1596.35,0,,495024.09,,,,,,,,,,,,,,"(454130.206, 496200.973]"
209,3038,3,,apartment,38,1596.35,0,,526947.16,,,,,,,,,,,,,,"(496200.973, 538271.74]"
210,3049,3,,apartment,49,1273.88,0,,427236.1,,,,,,,,,,,,,,"(412059.439, 454130.206]"
211,3050,3,,apartment,50,966.57,0,,327044.37,,,,,,,,,,,,,,"(285847.138, 327917.905]"
212,3051,3,,apartment,51,1357.16,0,,385447.69,,,,,,,,,,,,,,"(369988.672, 412059.439]"
213,3056,3,,apartment,56,1343.39,0,,401894.82,,,,,,,,,,,,,,"(369988.672, 412059.439]"
214,3058,3,,apartment,58,758.69,0,,264275.78,,,,,,,,,,,,,,"(243776.371, 285847.138]"
215,4002,4,,apartment,2,789.25,0,,231348.93,,,,,,,,,,,,,,"(201705.604, 243776.371]"
216,4009,4,,apartment,9,789.25,0,,264238.95,,,,,,,,,,,,,,"(243776.371, 285847.138]"
217,4013,4,,apartment,13,733.19,0,,217357.63,,,,,,,,,,,,,,"(201705.604, 243776.371]"
218,4014,4,,apartment,14,1611.85,0,,482404.31,,,,,,,,,,,,,,"(454130.206, 496200.973]"
219,4015,4,,apartment,15,789.25,0,,228937.9,,,,,,,,,,,,,,"(201705.604, 243776.371]"
220,4020,4,,apartment,20,1611.85,0,,498994.03,,,,,,,,,,,,,,"(496200.973, 538271.74]"
221,4021,4,,apartment,21,789.25,0,,256376.28,,,,,,,,,,,,,,"(243776.371, 285847.138]"
222,4023,4,,apartment,23,794.52,0,,255243.11,,,,,,,,,,,,,,"(243776.371, 285847.138]"
223,4026,4,,apartment,26,1611.85,0,,506786.66,,,,,,,,,,,,,,"(496200.973, 538271.74]"
224,4027,4,,apartment,27,789.25,0,,233172.49,,,,,,,,,,,,,,"(201705.604, 243776.371]"
225,4029,4,,apartment,29,794.52,0,,233834.0,,,,,,,,,,,,,,"(201705.604, 243776.371]"
226,4032,4,,apartment,32,1611.85,0,,523373.45,,,,,,,,,,,,,,"(496200.973, 538271.74]"
227,4033,4,,apartment,33,789.25,0,,228872.91,,,,,,,,,,,,,,"(201705.604, 243776.371]"
228,4034,4,,apartment,34,794.52,0,,208655.67,,,,,,,,,,,,,,"(201705.604, 243776.371]"
229,4036,4,,apartment,36,1111.72,0,,322952.56,,,,,,,,,,,,,,"(285847.138, 327917.905]"
230,4039,4,,apartment,39,785.48,0,,216826.0,,,,,,,,,,,,,,"(201705.604, 243776.371]"
231,4044,4,,apartment,44,1058.25,0,,298730.4,,,,,,,,,,,,,,"(285847.138, 327917.905]"
232,4046,4,,apartment,46,791.72,0,,230495.01,,,,,,,,,,,,,,"(201705.604, 243776.371]"
233,4048,4,,apartment,48,1068.58,0,,346048.04,,,,,,,,,,,,,,"(327917.905, 369988.672]"
234,4049,4,,apartment,49,1325.31,0,,377043.6,,,,,,,,,,,,,,"(369988.672, 412059.439]"
235,5002,5,,apartment,2,1273.88,0,,413761.71,,,,,,,,,,,,,,"(412059.439, 454130.206]"
236,5003,5,,apartment,3,798.5,0,,212644.39,,,,,,,,,,,,,,"(201705.604, 243776.371]"
237,5004,5,,apartment,4,798.5,0,,250415.38,,,,,,,,,,,,,,"(243776.371, 285847.138]"
238,5005,5,,apartment,5,798.5,0,,219252.89,,,,,,,,,,,,,,"(201705.604, 243776.371]"
239,5006,5,,apartment,6,1058.25,0,,264011.7,,,,,,,,,,,,,,"(243776.371, 285847.138]"
240,5007,5,,apartment,7,618.16,0,,211406.87,,,,,,,,,,,,,,"(201705.604, 243776.371]"
241,5008,5,,apartment,8,1273.88,0,,396330.29,,,,,,,,,,,,,,"(369988.672, 412059.439]"
242,5009,5,,apartment,9,798.5,0,,227072.88,,,,,,,,,,,,,,"(201705.604, 243776.371]"
243,5010,5,,apartment,10,798.5,0,,276323.87,,,,,,,,,,,,,,"(243776.371, 285847.138]"
244,5011,5,,apartment,11,798.5,0,,230943.38,,,,,,,,,,,,,,"(201705.604, 243776.371]"
245,5012,5,,apartment,12,1058.25,0,,315382.11,,,,,,,,,,,,,,"(285847.138, 327917.905]"
246,5014,5,,apartment,14,1273.55,0,,372016.56,,,,,,,,,,,,,,"(369988.672, 412059.439]"
247,5015,5,,apartment,15,798.5,0,,237680.88,,,,,,,,,,,,,,"(201705.604, 243776.371]"
248,5016,5,,apartment,16,798.5,0,,234032.88,,,,,,,,,,,,,,"(201705.604, 243776.371]"
249,5017,5,,apartment,17,798.28,0,,273165.58,,,,,,,,,,,,,,"(243776.371, 285847.138]"
250,5018,5,,apartment,18,1057.92,0,,271227.49,,,,,,,,,,,,,,"(243776.371, 285847.138]"
251,5020,5,,apartment,20,1273.55,0,,349865.22,,,,,,,,,,,,,,"(327917.905, 369988.672]"
252,5025,5,,apartment,25,618.16,0,,199730.73,,,,,,,,,,,,,,"(159634.837, 201705.604]"
253,5026,5,,apartment,26,1273.55,0,,338482.45,,,,,,,,,,,,,,"(327917.905, 369988.672]"
254,5030,5,,apartment,30,1057.92,0,,351304.58,,,,,,,,,,,,,,"(327917.905, 369988.672]"
255,5032,5,,apartment,32,1273.55,0,,338472.13,,,,,,,,,,,,,,"(327917.905, 369988.672]"
256,5034,5,,apartment,34,798.28,0,,212916.36,,,,,,,,,,,,,,"(201705.604, 243776.371]"
257,5036,5,,apartment,36,1057.92,0,,308660.8,,,,,,,,,,,,,,"(285847.138, 327917.905]"
258,5037,5,,apartment,37,606.33,0,,147343.69,,,,,,,,,,,,,,"(117143.362, 159634.837]"
259,5038,5,,apartment,38,1273.55,0,,448574.67,,,,,,,,,,,,,,"(412059.439, 454130.206]"
260,5041,5,,apartment,41,798.28,0,,255337.9,,,,,,,,,,,,,,"(243776.371, 285847.138]"
261,5043,5,,apartment,43,598.58,0,,175773.59,,,,,,,,,,,,,,"(159634.837, 201705.604]"
262,5044,5,,apartment,44,1238.58,0,,322610.74,,,,,,,,,,,,,,"(285847.138, 327917.905]"
263,5047,5,,apartment,47,794.52,0,,279191.26,,,,,,,,,,,,,,"(243776.371, 285847.138]"
264,5048,5,,apartment,48,1013.27,0,,287996.53,,,,,,,,,,,,,,"(285847.138, 327917.905]"
265,5050,5,,apartment,50,1074.71,0,,365868.78,,,,,,,,,,,,,,"(327917.905, 369988.672]"
266,5051,5,,apartment,51,789.25,0,,199216.4,,,,,,,,,,,,,,"(159634.837, 201705.604]"
